beta_best,chi2_min,reduced_chi2,dof
0.0,183.1700897251001,9.640531038163163,19
